Job Title,Industry,Job Description,Technical Skills,Soft Skills,Minimum Experience,Educational Qualifications,Certifications,Tools/Technologies,Additional Comments
Data Scientist,Finance,This is a Data Scientist role in the Finance industry.,"Azure, Git, Docker, AWS, R","Communication, Leadership, Time Management, Creativity",Mid-level (2–5 years),PhD in Artificial Intelligence,Scrum Master Certification,"PostgreSQL, Spark","This job requires proficiency in Azure, Git, Docker, AWS, R."
Network Engineer,Information Technology,This is a Network Engineer role in the Information Technology industry.,"Kubernetes, Java, Excel","Creativity, Critical Thinking",Mid-level (2–5 years),Master's in Data Science,PMP Certification,"PostgreSQL, PyTorch, AWS, Keras","This job requires proficiency in Kubernetes, Java, Excel."
Network Engineer,Information Technology,This is a Network Engineer role in the Information Technology industry.,"R, Docker, SQL","Teamwork, Critical Thinking",Entry-level (0–1 years),Diploma in IT,AWS Certified Solutions Architect,"MATLAB, AWS, JIRA, Keras","This job requires proficiency in R, Docker, SQL."
AI Researcher,Healthcare,This is a AI Researcher role in the Healthcare industry.,"Java, Excel, Docker, SQL, Python","Problem-Solving, Adaptability, Creativity",Senior-level (6+ years),Master's in Data Science,Certified Data Scientist,"Power BI, PyTorch, Spark, Tableau","This job requires proficiency in Java, Excel, Docker, SQL, Python."
Cybersecurity Analyst,Information Technology,This is a Cybersecurity Analyst role in the Information Technology industry.,"Docker, Git, Java","Time Management, Problem-Solving, Communication, Teamwork",Senior-level (6+ years),MBA,AWS Certified Solutions Architect,"GitHub, PyTorch","This job requires proficiency in Docker, Git, Java."
Network Engineer,Manufacturing,This is a Network Engineer role in the Manufacturing industry.,"Java, Machine Learning, Tableau","Critical Thinking, Time Management, Creativity",Mid-level (2–5 years),Master's in Data Science,Azure Fundamentals,"TensorFlow, JIRA, Power BI","This job requires proficiency in Java, Machine Learning, Tableau."
Data Scientist,Marketing,This is a Data Scientist role in the Marketing industry.,"R, AWS, Excel","Critical Thinking, Time Management, Communication, Creativity",Senior-level (6+ years),MBA,Scrum Master Certification,"Tableau, Hadoop","This job requires proficiency in R, AWS, Excel."
Software Engineer,Marketing,This is a Software Engineer role in the Marketing industry.,"Excel, Deep Learning, Machine Learning, R, AWS","Critical Thinking, Time Management, Adaptability",Senior-level (6+ years),Master's in Data Science,Certified Data Scientist,"MATLAB, PyTorch, Tableau, Keras","This job requires proficiency in Excel, Deep Learning, Machine Learning, R, AWS."
Project Manager,Marketing,This is a Project Manager role in the Marketing industry.,"Kubernetes, Tableau, Azure, Excel, Machine Learning","Communication, Leadership, Creativity, Adaptability",Mid-level (2–5 years),PhD in Artificial Intelligence,AWS Certified Solutions Architect,"Keras, MATLAB","This job requires proficiency in Kubernetes, Tableau, Azure, Excel, Machine Learning."
Full Stack Developer,Marketing,This is a Full Stack Developer role in the Marketing industry.,"Excel, Kubernetes, Deep Learning, SQL","Time Management, Adaptability",Mid-level (2–5 years),MBA,Certified Data Scientist,"Power BI, AWS, Spark, Hadoop","This job requires proficiency in Excel, Kubernetes, Deep Learning, SQL."
Software Engineer,Marketing,This is a Software Engineer role in the Marketing industry.,"Docker, R, Azure, Deep Learning","Leadership, Communication",Entry-level (0–1 years),Master's in Data Science,Azure Fundamentals,"AWS, Keras, Hadoop, Spark","This job requires proficiency in Docker, R, Azure, Deep Learning."
AI Researcher,Finance,This is a AI Researcher role in the Finance industry.,"AWS, Java, Azure","Time Management, Problem-Solving, Communication",Entry-level (0–1 years),Bachelor's degree in Computer Science,Azure Fundamentals,"MATLAB, AWS, Keras, Power BI","This job requires proficiency in AWS, Java, Azure."
Business Analyst,Marketing,This is a Business Analyst role in the Marketing industry.,"Power BI, Excel, Deep Learning, AWS, Machine Learning","Teamwork, Communication, Leadership",Mid-level (2–5 years),MBA,PMP Certification,"Power BI, MATLAB, Keras","This job requires proficiency in Power BI, Excel, Deep Learning, AWS, Machine Learning."
Business Analyst,Logistics,This is a Business Analyst role in the Logistics industry.,"Kubernetes, Java, AWS, SQL","Problem-Solving, Critical Thinking",Entry-level (0–1 years),MBA,Scrum Master Certification,"Keras, Hadoop, MATLAB","This job requires proficiency in Kubernetes, Java, AWS, SQL."
Network Engineer,Manufacturing,This is a Network Engineer role in the Manufacturing industry.,"Excel, Git, Java, AWS, Azure","Time Management, Adaptability",Senior-level (6+ years),Diploma in IT,Scrum Master Certification,"Tableau, GitHub","This job requires proficiency in Excel, Git, Java, AWS, Azure."
Machine Learning Engineer,Education,This is a Machine Learning Engineer role in the Education industry.,"Machine Learning, Kubernetes, Power BI, SQL","Teamwork, Communication, Critical Thinking",Mid-level (2–5 years),PhD in Artificial Intelligence,Scrum Master Certification,"Tableau, JIRA, GitHub","This job requires proficiency in Machine Learning, Kubernetes, Power BI, SQL."
Business Analyst,Logistics,This is a Business Analyst role in the Logistics industry.,"Azure, Kubernetes, Excel, Power BI, AWS","Leadership, Adaptability",Senior-level (6+ years),Diploma in IT,PMP Certification,"Tableau, Keras, JIRA","This job requires proficiency in Azure, Kubernetes, Excel, Power BI, AWS."
Software Engineer,Logistics,This is a Software Engineer role in the Logistics industry.,"Azure, R, Docker, Git","Time Management, Problem-Solving, Creativity",Entry-level (0–1 years),Master's in Data Science,Certified Data Scientist,"Spark, Hadoop","This job requires proficiency in Azure, R, Docker, Git."
Data Scientist,Finance,This is a Data Scientist role in the Finance industry.,"Excel, Python, Deep Learning, Docker, Kubernetes","Problem-Solving, Communication, Time Management, Critical Thinking",Entry-level (0–1 years),Bachelor's degree in Computer Science,Certified Data Scientist,"Keras, GitHub, Hadoop, JIRA","This job requires proficiency in Excel, Python, Deep Learning, Docker, Kubernetes."
Network Engineer,Retail,This is a Network Engineer role in the Retail industry.,"AWS, Kubernetes, Power BI","Adaptability, Problem-Solving, Time Management",Mid-level (2–5 years),Diploma in IT,Azure Fundamentals,"AWS, GitHub","This job requires proficiency in AWS, Kubernetes, Power BI."
Full Stack Developer,Education,This is a Full Stack Developer role in the Education industry.,"Java, Python, Docker, SQL","Adaptability, Time Management, Critical Thinking",Senior-level (6+ years),MBA,Azure Fundamentals,"Tableau, PyTorch, PostgreSQL, Spark","This job requires proficiency in Java, Python, Docker, SQL."
Business Analyst,Marketing,This is a Business Analyst role in the Marketing industry.,"Machine Learning, Power BI, Azure, SQL","Communication, Time Management, Adaptability, Creativity",Senior-level (6+ years),Master's in Data Science,Azure Fundamentals,"PyTorch, TensorFlow, Power BI, JIRA","This job requires proficiency in Machine Learning, Power BI, Azure, SQL."
Machine Learning Engineer,Logistics,This is a Machine Learning Engineer role in the Logistics industry.,"Power BI, Excel, Tableau","Teamwork, Problem-Solving, Creativity",Entry-level (0–1 years),Bachelor's degree in Computer Science,Azure Fundamentals,"JIRA, Tableau","This job requires proficiency in Power BI, Excel, Tableau."
Machine Learning Engineer,Manufacturing,This is a Machine Learning Engineer role in the Manufacturing industry.,"Tableau, SQL, Deep Learning, Python","Teamwork, Leadership, Critical Thinking, Time Management",Mid-level (2–5 years),MBA,PMP Certification,"PostgreSQL, Spark, Keras, JIRA","This job requires proficiency in Tableau, SQL, Deep Learning, Python."
Machine Learning Engineer,Education,This is a Machine Learning Engineer role in the Education industry.,"Tableau, R, Docker","Creativity, Time Management, Communication",Mid-level (2–5 years),Master's in Data Science,Scrum Master Certification,"Hadoop, PyTorch","This job requires proficiency in Tableau, R, Docker."
Business Analyst,Education,This is a Business Analyst role in the Education industry.,"Java, Python, Tableau, Kubernetes, R","Communication, Problem-Solving, Leadership, Teamwork",Entry-level (0–1 years),Diploma in IT,Certified Data Scientist,"AWS, Keras, JIRA","This job requires proficiency in Java, Python, Tableau, Kubernetes, R."
Software Engineer,Finance,This is a Software Engineer role in the Finance industry.,"Kubernetes, AWS, Power BI","Time Management, Leadership",Mid-level (2–5 years),Master's in Data Science,PMP Certification,"GitHub, Spark, PyTorch","This job requires proficiency in Kubernetes, AWS, Power BI."
Full Stack Developer,Education,This is a Full Stack Developer role in the Education industry.,"AWS, Azure, Java","Leadership, Creativity",Mid-level (2–5 years),Bachelor's degree in Computer Science,Scrum Master Certification,"Spark, TensorFlow","This job requires proficiency in AWS, Azure, Java."
Cybersecurity Analyst,Logistics,This is a Cybersecurity Analyst role in the Logistics industry.,"AWS, Azure, Docker, Machine Learning, Power BI","Communication, Critical Thinking",Entry-level (0–1 years),Bachelor's degree in Computer Science,PMP Certification,"GitHub, Keras","This job requires proficiency in AWS, Azure, Docker, Machine Learning, Power BI."
Full Stack Developer,Education,This is a Full Stack Developer role in the Education industry.,"Power BI, Machine Learning, Deep Learning","Teamwork, Problem-Solving",Entry-level (0–1 years),Master's in Data Science,Azure Fundamentals,"Spark, PyTorch, GitHub","This job requires proficiency in Power BI, Machine Learning, Deep Learning."
Network Engineer,Information Technology,This is a Network Engineer role in the Information Technology industry.,"Docker, AWS, Java","Problem-Solving, Teamwork, Critical Thinking, Adaptability",Entry-level (0–1 years),PhD in Artificial Intelligence,AWS Certified Solutions Architect,"Tableau, GitHub","This job requires proficiency in Docker, AWS, Java."
Project Manager,Healthcare,This is a Project Manager role in the Healthcare industry.,"R, Python, Deep Learning, Java, Git","Communication, Creativity, Adaptability",Mid-level (2–5 years),Diploma in IT,Azure Fundamentals,"Hadoop, PyTorch, PostgreSQL, GitHub","This job requires proficiency in R, Python, Deep Learning, Java, Git."
Database Administrator,Marketing,This is a Database Administrator role in the Marketing industry.,"R, Java, SQL","Critical Thinking, Creativity, Teamwork, Problem-Solving",Entry-level (0–1 years),Bachelor's degree in Computer Science,Certified Data Scientist,"Spark, MATLAB","This job requires proficiency in R, Java, SQL."
Business Analyst,Education,This is a Business Analyst role in the Education industry.,"Azure, Machine Learning, R, Power BI, AWS","Critical Thinking, Problem-Solving, Creativity, Communication",Entry-level (0–1 years),Diploma in IT,AWS Certified Solutions Architect,"PostgreSQL, MATLAB, JIRA, GitHub","This job requires proficiency in Azure, Machine Learning, R, Power BI, AWS."
Machine Learning Engineer,Education,This is a Machine Learning Engineer role in the Education industry.,"Deep Learning, Java, Azure","Leadership, Communication",Mid-level (2–5 years),MBA,PMP Certification,"Keras, TensorFlow, JIRA, PyTorch","This job requires proficiency in Deep Learning, Java, Azure."
Project Manager,Education,This is a Project Manager role in the Education industry.,"Machine Learning, Tableau, SQL, Java, Excel","Problem-Solving, Adaptability",Mid-level (2–5 years),MBA,Certified Data Scientist,"PostgreSQL, AWS, TensorFlow","This job requires proficiency in Machine Learning, Tableau, SQL, Java, Excel."
Full Stack Developer,Retail,This is a Full Stack Developer role in the Retail industry.,"Docker, Kubernetes, AWS, Machine Learning, Excel","Creativity, Adaptability, Problem-Solving, Communication",Senior-level (6+ years),PhD in Artificial Intelligence,PMP Certification,"MATLAB, PostgreSQL, Power BI","This job requires proficiency in Docker, Kubernetes, AWS, Machine Learning, Excel."
Data Scientist,Finance,This is a Data Scientist role in the Finance industry.,"Azure, Deep Learning, Git, R","Problem-Solving, Creativity, Leadership, Communication",Entry-level (0–1 years),Master's in Data Science,Certified Data Scientist,"Hadoop, GitHub, JIRA, PostgreSQL","This job requires proficiency in Azure, Deep Learning, Git, R."
Business Analyst,Healthcare,This is a Business Analyst role in the Healthcare industry.,"Machine Learning, Python, Kubernetes, SQL","Problem-Solving, Creativity, Leadership, Teamwork",Senior-level (6+ years),Diploma in IT,Certified Data Scientist,"Keras, JIRA, Hadoop","This job requires proficiency in Machine Learning, Python, Kubernetes, SQL."
Network Engineer,Education,This is a Network Engineer role in the Education industry.,"AWS, Tableau, Python, R, Git","Communication, Teamwork, Creativity",Senior-level (6+ years),Diploma in IT,Scrum Master Certification,"AWS, MATLAB, GitHub","This job requires proficiency in AWS, Tableau, Python, R, Git."
AI Researcher,Marketing,This is a AI Researcher role in the Marketing industry.,"Machine Learning, AWS, Power BI","Communication, Teamwork, Problem-Solving, Creativity",Mid-level (2–5 years),Master's in Data Science,PMP Certification,"Tableau, Power BI","This job requires proficiency in Machine Learning, AWS, Power BI."
Full Stack Developer,Information Technology,This is a Full Stack Developer role in the Information Technology industry.,"SQL, R, Docker, AWS","Communication, Adaptability, Creativity, Problem-Solving",Senior-level (6+ years),Bachelor's degree in Computer Science,PMP Certification,"Tableau, AWS, Keras","This job requires proficiency in SQL, R, Docker, AWS."
AI Researcher,Healthcare,This is a AI Researcher role in the Healthcare industry.,"SQL, Power BI, Azure, Docker, Git","Communication, Time Management",Senior-level (6+ years),Master's in Data Science,Scrum Master Certification,"Tableau, PyTorch, PostgreSQL","This job requires proficiency in SQL, Power BI, Azure, Docker, Git."
Software Engineer,Finance,This is a Software Engineer role in the Finance industry.,"Power BI, Excel, SQL, Tableau, Azure","Critical Thinking, Creativity, Teamwork",Senior-level (6+ years),Diploma in IT,Azure Fundamentals,"Power BI, JIRA, MATLAB","This job requires proficiency in Power BI, Excel, SQL, Tableau, Azure."
Business Analyst,Manufacturing,This is a Business Analyst role in the Manufacturing industry.,"Excel, SQL, Kubernetes, Java, Git","Time Management, Creativity",Entry-level (0–1 years),Bachelor's degree in Computer Science,Azure Fundamentals,"AWS, Hadoop, Power BI","This job requires proficiency in Excel, SQL, Kubernetes, Java, Git."
Data Scientist,Information Technology,This is a Data Scientist role in the Information Technology industry.,"SQL, Deep Learning, Java, Machine Learning","Leadership, Time Management",Entry-level (0–1 years),Master's in Data Science,Certified Data Scientist,"GitHub, Hadoop","This job requires proficiency in SQL, Deep Learning, Java, Machine Learning."
Cybersecurity Analyst,Finance,This is a Cybersecurity Analyst role in the Finance industry.,"Python, Kubernetes, Excel","Time Management, Leadership",Senior-level (6+ years),Master's in Data Science,AWS Certified Solutions Architect,"Spark, Tableau, Keras, PostgreSQL","This job requires proficiency in Python, Kubernetes, Excel."
AI Researcher,Finance,This is a AI Researcher role in the Finance industry.,"Deep Learning, R, Docker","Critical Thinking, Adaptability, Time Management, Creativity",Senior-level (6+ years),Master's in Data Science,Azure Fundamentals,"Tableau, MATLAB, GitHub, Keras","This job requires proficiency in Deep Learning, R, Docker."
Data Scientist,Retail,This is a Data Scientist role in the Retail industry.,"Excel, Azure, R, Git, SQL","Critical Thinking, Adaptability, Teamwork",Entry-level (0–1 years),Diploma in IT,Azure Fundamentals,"PyTorch, Hadoop","This job requires proficiency in Excel, Azure, R, Git, SQL."
AI Researcher,Retail,This is a AI Researcher role in the Retail industry.,"Kubernetes, Docker, Git, R","Critical Thinking, Time Management, Creativity",Senior-level (6+ years),PhD in Artificial Intelligence,PMP Certification,"Spark, Tableau","This job requires proficiency in Kubernetes, Docker, Git, R."
AI Researcher,Education,This is a AI Researcher role in the Education industry.,"R, Python, Tableau, Power BI","Time Management, Creativity, Communication, Adaptability",Senior-level (6+ years),Master's in Data Science,AWS Certified Solutions Architect,"MATLAB, TensorFlow, PostgreSQL","This job requires proficiency in R, Python, Tableau, Power BI."
Full Stack Developer,Finance,This is a Full Stack Developer role in the Finance industry.,"Java, Docker, Machine Learning","Teamwork, Time Management, Adaptability",Entry-level (0–1 years),Master's in Data Science,Certified Data Scientist,"GitHub, Hadoop, Keras, Spark","This job requires proficiency in Java, Docker, Machine Learning."
Business Analyst,Finance,This is a Business Analyst role in the Finance industry.,"SQL, Java, Azure, Machine Learning, Python","Leadership, Adaptability, Problem-Solving, Time Management",Entry-level (0–1 years),MBA,AWS Certified Solutions Architect,"MATLAB, PyTorch, AWS","This job requires proficiency in SQL, Java, Azure, Machine Learning, Python."
Business Analyst,Marketing,This is a Business Analyst role in the Marketing industry.,"Deep Learning, Git, Excel","Critical Thinking, Creativity, Teamwork",Mid-level (2–5 years),Master's in Data Science,AWS Certified Solutions Architect,"GitHub, PyTorch, TensorFlow","This job requires proficiency in Deep Learning, Git, Excel."
Project Manager,Information Technology,This is a Project Manager role in the Information Technology industry.,"Machine Learning, Azure, Tableau, Power BI, Kubernetes","Leadership, Critical Thinking, Problem-Solving, Teamwork",Mid-level (2–5 years),Diploma in IT,Scrum Master Certification,"Spark, PyTorch","This job requires proficiency in Machine Learning, Azure, Tableau, Power BI, Kubernetes."
Database Administrator,Information Technology,This is a Database Administrator role in the Information Technology industry.,"Kubernetes, Deep Learning, Machine Learning, R","Leadership, Critical Thinking, Problem-Solving",Mid-level (2–5 years),PhD in Artificial Intelligence,PMP Certification,"JIRA, Tableau, PostgreSQL, Power BI","This job requires proficiency in Kubernetes, Deep Learning, Machine Learning, R."
AI Researcher,Healthcare,This is a AI Researcher role in the Healthcare industry.,"Tableau, Java, Deep Learning, Git, Azure","Adaptability, Problem-Solving, Communication",Entry-level (0–1 years),Diploma in IT,Azure Fundamentals,"JIRA, PyTorch, Power BI","This job requires proficiency in Tableau, Java, Deep Learning, Git, Azure."
AI Researcher,Healthcare,This is a AI Researcher role in the Healthcare industry.,"SQL, Deep Learning, Kubernetes","Leadership, Teamwork",Senior-level (6+ years),Master's in Data Science,Scrum Master Certification,"Power BI, PyTorch","This job requires proficiency in SQL, Deep Learning, Kubernetes."
AI Researcher,Information Technology,This is a AI Researcher role in the Information Technology industry.,"Java, Docker, R, Machine Learning, Git","Creativity, Communication, Time Management",Senior-level (6+ years),MBA,Certified Data Scientist,"Power BI, AWS","This job requires proficiency in Java, Docker, R, Machine Learning, Git."
Machine Learning Engineer,Marketing,This is a Machine Learning Engineer role in the Marketing industry.,"AWS, Java, Docker","Teamwork, Adaptability, Problem-Solving, Critical Thinking",Mid-level (2–5 years),PhD in Artificial Intelligence,Certified Data Scientist,"Power BI, TensorFlow, PyTorch","This job requires proficiency in AWS, Java, Docker."
Business Analyst,Marketing,This is a Business Analyst role in the Marketing industry.,"Tableau, Deep Learning, SQL, Docker","Teamwork, Leadership",Entry-level (0–1 years),Master's in Data Science,PMP Certification,"TensorFlow, AWS, Tableau, Spark","This job requires proficiency in Tableau, Deep Learning, SQL, Docker."
Cybersecurity Analyst,Retail,This is a Cybersecurity Analyst role in the Retail industry.,"Machine Learning, Power BI, Git, Python, Azure","Adaptability, Communication, Leadership",Mid-level (2–5 years),Bachelor's degree in Computer Science,AWS Certified Solutions Architect,"Keras, Tableau","This job requires proficiency in Machine Learning, Power BI, Git, Python, Azure."
Software Engineer,Marketing,This is a Software Engineer role in the Marketing industry.,"Excel, AWS, Power BI, Python","Leadership, Adaptability, Problem-Solving, Teamwork",Entry-level (0–1 years),Diploma in IT,Certified Data Scientist,"GitHub, Hadoop, MATLAB, Power BI","This job requires proficiency in Excel, AWS, Power BI, Python."
Database Administrator,Manufacturing,This is a Database Administrator role in the Manufacturing industry.,"Deep Learning, R, Excel, SQL","Adaptability, Critical Thinking",Mid-level (2–5 years),PhD in Artificial Intelligence,AWS Certified Solutions Architect,"GitHub, Power BI, JIRA, Hadoop","This job requires proficiency in Deep Learning, R, Excel, SQL."
Cybersecurity Analyst,Finance,This is a Cybersecurity Analyst role in the Finance industry.,"Tableau, Docker, Azure, Deep Learning","Leadership, Communication, Problem-Solving",Entry-level (0–1 years),Diploma in IT,Scrum Master Certification,"PostgreSQL, Spark","This job requires proficiency in Tableau, Docker, Azure, Deep Learning."
Database Administrator,Manufacturing,This is a Database Administrator role in the Manufacturing industry.,"AWS, Deep Learning, Machine Learning, Python","Critical Thinking, Time Management, Leadership, Problem-Solving",Senior-level (6+ years),Master's in Data Science,Azure Fundamentals,"PyTorch, AWS, PostgreSQL, JIRA","This job requires proficiency in AWS, Deep Learning, Machine Learning, Python."
AI Researcher,Information Technology,This is a AI Researcher role in the Information Technology industry.,"Tableau, Docker, Deep Learning","Problem-Solving, Creativity",Senior-level (6+ years),Diploma in IT,Certified Data Scientist,"AWS, Hadoop","This job requires proficiency in Tableau, Docker, Deep Learning."
Project Manager,Manufacturing,This is a Project Manager role in the Manufacturing industry.,"Deep Learning, AWS, Kubernetes, Java, Machine Learning","Communication, Time Management, Teamwork",Mid-level (2–5 years),MBA,Scrum Master Certification,"Power BI, PostgreSQL, GitHub","This job requires proficiency in Deep Learning, AWS, Kubernetes, Java, Machine Learning."
Business Analyst,Retail,This is a Business Analyst role in the Retail industry.,"Power BI, R, SQL","Communication, Problem-Solving, Critical Thinking",Entry-level (0–1 years),Bachelor's degree in Computer Science,PMP Certification,"Power BI, Hadoop, JIRA","This job requires proficiency in Power BI, R, SQL."
Full Stack Developer,Logistics,This is a Full Stack Developer role in the Logistics industry.,"AWS, Tableau, Python, Java, Deep Learning","Teamwork, Adaptability, Problem-Solving",Entry-level (0–1 years),PhD in Artificial Intelligence,AWS Certified Solutions Architect,"PyTorch, Tableau","This job requires proficiency in AWS, Tableau, Python, Java, Deep Learning."
Project Manager,Information Technology,This is a Project Manager role in the Information Technology industry.,"Tableau, Python, Excel, R","Communication, Leadership, Creativity, Critical Thinking",Mid-level (2–5 years),Bachelor's degree in Computer Science,AWS Certified Solutions Architect,"MATLAB, GitHub, TensorFlow, AWS","This job requires proficiency in Tableau, Python, Excel, R."
Machine Learning Engineer,Finance,This is a Machine Learning Engineer role in the Finance industry.,"Deep Learning, Excel, Azure, Kubernetes, R","Critical Thinking, Communication",Senior-level (6+ years),Master's in Data Science,PMP Certification,"Power BI, PostgreSQL","This job requires proficiency in Deep Learning, Excel, Azure, Kubernetes, R."
Database Administrator,Education,This is a Database Administrator role in the Education industry.,"Tableau, Git, AWS, Kubernetes, Deep Learning","Adaptability, Creativity, Time Management, Communication",Senior-level (6+ years),PhD in Artificial Intelligence,Scrum Master Certification,"Power BI, TensorFlow, MATLAB, Tableau","This job requires proficiency in Tableau, Git, AWS, Kubernetes, Deep Learning."
AI Researcher,Information Technology,This is a AI Researcher role in the Information Technology industry.,"Java, Docker, SQL, Python, AWS","Critical Thinking, Time Management, Problem-Solving",Entry-level (0–1 years),Master's in Data Science,Scrum Master Certification,"Spark, Power BI, PyTorch, PostgreSQL","This job requires proficiency in Java, Docker, SQL, Python, AWS."
Business Analyst,Marketing,This is a Business Analyst role in the Marketing industry.,"Git, Deep Learning, AWS, Azure","Critical Thinking, Communication",Senior-level (6+ years),PhD in Artificial Intelligence,Azure Fundamentals,"AWS, MATLAB, GitHub","This job requires proficiency in Git, Deep Learning, AWS, Azure."
AI Researcher,Information Technology,This is a AI Researcher role in the Information Technology industry.,"SQL, Deep Learning, Tableau, Power BI, Excel","Time Management, Leadership",Senior-level (6+ years),PhD in Artificial Intelligence,Azure Fundamentals,"Spark, TensorFlow, Tableau","This job requires proficiency in SQL, Deep Learning, Tableau, Power BI, Excel."
Software Engineer,Information Technology,This is a Software Engineer role in the Information Technology industry.,"Tableau, Git, Python","Communication, Teamwork, Creativity",Entry-level (0–1 years),MBA,Azure Fundamentals,"JIRA, Power BI, PyTorch","This job requires proficiency in Tableau, Git, Python."
Business Analyst,Marketing,This is a Business Analyst role in the Marketing industry.,"Git, Machine Learning, Java, AWS","Teamwork, Critical Thinking, Time Management, Leadership",Entry-level (0–1 years),Diploma in IT,AWS Certified Solutions Architect,"Spark, PyTorch, MATLAB","This job requires proficiency in Git, Machine Learning, Java, AWS."
Cybersecurity Analyst,Logistics,This is a Cybersecurity Analyst role in the Logistics industry.,"Machine Learning, AWS, R, Deep Learning, Java","Adaptability, Time Management, Problem-Solving",Mid-level (2–5 years),PhD in Artificial Intelligence,PMP Certification,"JIRA, MATLAB, Keras","This job requires proficiency in Machine Learning, AWS, R, Deep Learning, Java."
Cybersecurity Analyst,Retail,This is a Cybersecurity Analyst role in the Retail industry.,"Excel, Kubernetes, SQL, Azure","Adaptability, Problem-Solving, Teamwork, Leadership",Entry-level (0–1 years),Diploma in IT,PMP Certification,"Power BI, PostgreSQL","This job requires proficiency in Excel, Kubernetes, SQL, Azure."
AI Researcher,Education,This is a AI Researcher role in the Education industry.,"Java, Deep Learning, Machine Learning, Excel","Leadership, Time Management, Communication",Mid-level (2–5 years),Bachelor's degree in Computer Science,AWS Certified Solutions Architect,"PyTorch, Hadoop, Spark","This job requires proficiency in Java, Deep Learning, Machine Learning, Excel."
Business Analyst,Healthcare,This is a Business Analyst role in the Healthcare industry.,"Tableau, Kubernetes, Git","Time Management, Critical Thinking",Mid-level (2–5 years),MBA,AWS Certified Solutions Architect,"Hadoop, MATLAB, Keras, PyTorch","This job requires proficiency in Tableau, Kubernetes, Git."
AI Researcher,Education,This is a AI Researcher role in the Education industry.,"Git, Power BI, Machine Learning, Java","Leadership, Critical Thinking",Mid-level (2–5 years),Bachelor's degree in Computer Science,AWS Certified Solutions Architect,"GitHub, TensorFlow, Tableau, Power BI","This job requires proficiency in Git, Power BI, Machine Learning, Java."
Database Administrator,Marketing,This is a Database Administrator role in the Marketing industry.,"AWS, Power BI, Deep Learning, Tableau, Python","Leadership, Creativity, Teamwork, Critical Thinking",Senior-level (6+ years),Bachelor's degree in Computer Science,AWS Certified Solutions Architect,"JIRA, Hadoop","This job requires proficiency in AWS, Power BI, Deep Learning, Tableau, Python."
Network Engineer,Finance,This is a Network Engineer role in the Finance industry.,"Java, Deep Learning, SQL, Git","Communication, Leadership, Creativity",Senior-level (6+ years),MBA,PMP Certification,"Hadoop, GitHub","This job requires proficiency in Java, Deep Learning, SQL, Git."
Database Administrator,Information Technology,This is a Database Administrator role in the Information Technology industry.,"Python, Machine Learning, Tableau, Deep Learning, Excel","Leadership, Time Management, Adaptability, Communication",Senior-level (6+ years),PhD in Artificial Intelligence,PMP Certification,"PyTorch, Tableau, AWS","This job requires proficiency in Python, Machine Learning, Tableau, Deep Learning, Excel."
Cybersecurity Analyst,Information Technology,This is a Cybersecurity Analyst role in the Information Technology industry.,"AWS, Docker, Tableau, Excel","Creativity, Problem-Solving",Entry-level (0–1 years),Diploma in IT,AWS Certified Solutions Architect,"GitHub, Hadoop, PostgreSQL","This job requires proficiency in AWS, Docker, Tableau, Excel."
Network Engineer,Manufacturing,This is a Network Engineer role in the Manufacturing industry.,"Deep Learning, Docker, Kubernetes","Time Management, Adaptability, Communication, Critical Thinking",Mid-level (2–5 years),Bachelor's degree in Computer Science,AWS Certified Solutions Architect,"JIRA, GitHub, Keras","This job requires proficiency in Deep Learning, Docker, Kubernetes."
Business Analyst,Finance,This is a Business Analyst role in the Finance industry.,"Azure, Power BI, Docker, Tableau","Time Management, Adaptability",Entry-level (0–1 years),Diploma in IT,PMP Certification,"PostgreSQL, JIRA, Tableau","This job requires proficiency in Azure, Power BI, Docker, Tableau."
AI Researcher,Healthcare,This is a AI Researcher role in the Healthcare industry.,"Azure, SQL, R, Deep Learning, Machine Learning","Problem-Solving, Communication",Senior-level (6+ years),MBA,PMP Certification,"PyTorch, TensorFlow, Keras","This job requires proficiency in Azure, SQL, R, Deep Learning, Machine Learning."
Network Engineer,Logistics,This is a Network Engineer role in the Logistics industry.,"Docker, Kubernetes, Java, Tableau, Deep Learning","Critical Thinking, Problem-Solving, Time Management, Adaptability",Entry-level (0–1 years),MBA,Azure Fundamentals,"AWS, Hadoop, Tableau, GitHub","This job requires proficiency in Docker, Kubernetes, Java, Tableau, Deep Learning."
Data Scientist,Information Technology,This is a Data Scientist role in the Information Technology industry.,"Power BI, Kubernetes, Deep Learning, Python","Creativity, Communication",Senior-level (6+ years),Bachelor's degree in Computer Science,Azure Fundamentals,"PyTorch, JIRA","This job requires proficiency in Power BI, Kubernetes, Deep Learning, Python."
Network Engineer,Finance,This is a Network Engineer role in the Finance industry.,"Git, AWS, Docker, Tableau, Machine Learning","Problem-Solving, Creativity",Senior-level (6+ years),Bachelor's degree in Computer Science,Azure Fundamentals,"GitHub, Hadoop, MATLAB","This job requires proficiency in Git, AWS, Docker, Tableau, Machine Learning."
Full Stack Developer,Education,This is a Full Stack Developer role in the Education industry.,"Java, Excel, Python","Communication, Time Management, Adaptability, Leadership",Entry-level (0–1 years),PhD in Artificial Intelligence,Scrum Master Certification,"GitHub, AWS, PyTorch","This job requires proficiency in Java, Excel, Python."
Machine Learning Engineer,Logistics,This is a Machine Learning Engineer role in the Logistics industry.,"Excel, Machine Learning, Kubernetes","Problem-Solving, Teamwork",Mid-level (2–5 years),MBA,Certified Data Scientist,"GitHub, AWS, TensorFlow, JIRA","This job requires proficiency in Excel, Machine Learning, Kubernetes."
Database Administrator,Marketing,This is a Database Administrator role in the Marketing industry.,"SQL, Azure, Machine Learning, Kubernetes, Python","Creativity, Communication",Mid-level (2–5 years),MBA,Scrum Master Certification,"GitHub, Spark","This job requires proficiency in SQL, Azure, Machine Learning, Kubernetes, Python."
Software Engineer,Education,This is a Software Engineer role in the Education industry.,"Docker, R, Tableau, Machine Learning","Creativity, Adaptability, Time Management, Leadership",Senior-level (6+ years),Diploma in IT,Scrum Master Certification,"Spark, Power BI","This job requires proficiency in Docker, R, Tableau, Machine Learning."
Network Engineer,Marketing,This is a Network Engineer role in the Marketing industry.,"Tableau, SQL, Kubernetes","Leadership, Time Management",Mid-level (2–5 years),MBA,Certified Data Scientist,"PostgreSQL, Tableau","This job requires proficiency in Tableau, SQL, Kubernetes."
Data Scientist,Manufacturing,This is a Data Scientist role in the Manufacturing industry.,"Git, Docker, Power BI","Critical Thinking, Creativity",Entry-level (0–1 years),Diploma in IT,Azure Fundamentals,"AWS, Spark, JIRA, MATLAB","This job requires proficiency in Git, Docker, Power BI."
Project Manager,Retail,This is a Project Manager role in the Retail industry.,"Python, Azure, Machine Learning","Leadership, Creativity",Senior-level (6+ years),Master's in Data Science,Certified Data Scientist,"Power BI, Tableau, JIRA","This job requires proficiency in Python, Azure, Machine Learning."
Full Stack Developer,Manufacturing,This is a Full Stack Developer role in the Manufacturing industry.,"Deep Learning, Power BI, Java, Docker, Azure","Creativity, Teamwork, Leadership",Senior-level (6+ years),Bachelor's degree in Computer Science,AWS Certified Solutions Architect,"PostgreSQL, TensorFlow, JIRA, Power BI","This job requires proficiency in Deep Learning, Power BI, Java, Docker, Azure."
Machine Learning Engineer,Finance,This is a Machine Learning Engineer role in the Finance industry.,"Python, Azure, Docker, Power BI, SQL","Teamwork, Leadership",Entry-level (0–1 years),MBA,AWS Certified Solutions Architect,"AWS, Hadoop","This job requires proficiency in Python, Azure, Docker, Power BI, SQL."
AI Researcher,Retail,This is a AI Researcher role in the Retail industry.,"Excel, SQL, Kubernetes, Java, Tableau","Communication, Leadership",Mid-level (2–5 years),PhD in Artificial Intelligence,Scrum Master Certification,"AWS, Keras, GitHub, PyTorch","This job requires proficiency in Excel, SQL, Kubernetes, Java, Tableau."
AI Researcher,Healthcare,This is a AI Researcher role in the Healthcare industry.,"R, SQL, AWS, Git, Machine Learning","Problem-Solving, Adaptability",Mid-level (2–5 years),MBA,AWS Certified Solutions Architect,"Tableau, AWS, Keras, Hadoop","This job requires proficiency in R, SQL, AWS, Git, Machine Learning."
Business Analyst,Manufacturing,This is a Business Analyst role in the Manufacturing industry.,"Git, Azure, Java, Excel, SQL","Problem-Solving, Creativity",Mid-level (2–5 years),Master's in Data Science,Certified Data Scientist,"PostgreSQL, MATLAB, Power BI, AWS","This job requires proficiency in Git, Azure, Java, Excel, SQL."
Business Analyst,Marketing,This is a Business Analyst role in the Marketing industry.,"SQL, Machine Learning, Python, Tableau, Deep Learning","Critical Thinking, Problem-Solving",Mid-level (2–5 years),Diploma in IT,AWS Certified Solutions Architect,"PyTorch, MATLAB, Keras","This job requires proficiency in SQL, Machine Learning, Python, Tableau, Deep Learning."
Full Stack Developer,Healthcare,This is a Full Stack Developer role in the Healthcare industry.,"Git, Tableau, Kubernetes, R, Azure","Critical Thinking, Creativity",Mid-level (2–5 years),Master's in Data Science,Scrum Master Certification,"TensorFlow, AWS","This job requires proficiency in Git, Tableau, Kubernetes, R, Azure."
Machine Learning Engineer,Retail,This is a Machine Learning Engineer role in the Retail industry.,"Excel, Kubernetes, SQL","Adaptability, Communication",Senior-level (6+ years),Master's in Data Science,PMP Certification,"JIRA, Tableau, Hadoop","This job requires proficiency in Excel, Kubernetes, SQL."
Software Engineer,Retail,This is a Software Engineer role in the Retail industry.,"Java, Tableau, Docker, Azure, Deep Learning","Teamwork, Time Management, Communication",Senior-level (6+ years),Diploma in IT,Scrum Master Certification,"Power BI, MATLAB, PostgreSQL","This job requires proficiency in Java, Tableau, Docker, Azure, Deep Learning."
Database Administrator,Logistics,This is a Database Administrator role in the Logistics industry.,"Power BI, Excel, R, Docker, SQL","Teamwork, Creativity, Leadership, Problem-Solving",Mid-level (2–5 years),Master's in Data Science,Scrum Master Certification,"Tableau, MATLAB, GitHub","This job requires proficiency in Power BI, Excel, R, Docker, SQL."
Database Administrator,Education,This is a Database Administrator role in the Education industry.,"Tableau, R, Machine Learning, Docker","Communication, Teamwork",Senior-level (6+ years),Diploma in IT,Certified Data Scientist,"TensorFlow, Spark","This job requires proficiency in Tableau, R, Machine Learning, Docker."
Cybersecurity Analyst,Finance,This is a Cybersecurity Analyst role in the Finance industry.,"Machine Learning, Deep Learning, SQL, AWS","Leadership, Time Management, Problem-Solving",Mid-level (2–5 years),MBA,Azure Fundamentals,"PostgreSQL, Power BI","This job requires proficiency in Machine Learning, Deep Learning, SQL, AWS."
Database Administrator,Marketing,This is a Database Administrator role in the Marketing industry.,"SQL, Kubernetes, AWS","Adaptability, Time Management, Problem-Solving, Critical Thinking",Senior-level (6+ years),MBA,Azure Fundamentals,"JIRA, Spark, GitHub","This job requires proficiency in SQL, Kubernetes, AWS."
AI Researcher,Information Technology,This is a AI Researcher role in the Information Technology industry.,"AWS, Git, Kubernetes, R","Teamwork, Leadership",Entry-level (0–1 years),MBA,Azure Fundamentals,"GitHub, AWS","This job requires proficiency in AWS, Git, Kubernetes, R."
Machine Learning Engineer,Healthcare,This is a Machine Learning Engineer role in the Healthcare industry.,"Docker, Excel, Python","Communication, Problem-Solving, Critical Thinking",Mid-level (2–5 years),PhD in Artificial Intelligence,Azure Fundamentals,"Keras, Tableau","This job requires proficiency in Docker, Excel, Python."
Data Scientist,Retail,This is a Data Scientist role in the Retail industry.,"Tableau, SQL, R","Creativity, Communication, Leadership, Teamwork",Senior-level (6+ years),Bachelor's degree in Computer Science,Scrum Master Certification,"JIRA, AWS, Hadoop","This job requires proficiency in Tableau, SQL, R."
Cybersecurity Analyst,Retail,This is a Cybersecurity Analyst role in the Retail industry.,"SQL, Docker, Tableau","Creativity, Leadership",Mid-level (2–5 years),Bachelor's degree in Computer Science,PMP Certification,"GitHub, Spark","This job requires proficiency in SQL, Docker, Tableau."
Project Manager,Education,This is a Project Manager role in the Education industry.,"R, Git, Excel, Kubernetes, SQL","Creativity, Problem-Solving",Mid-level (2–5 years),Bachelor's degree in Computer Science,Azure Fundamentals,"PostgreSQL, PyTorch, Tableau, Power BI","This job requires proficiency in R, Git, Excel, Kubernetes, SQL."
Cybersecurity Analyst,Retail,This is a Cybersecurity Analyst role in the Retail industry.,"AWS, Deep Learning, R, Docker","Critical Thinking, Problem-Solving, Leadership",Mid-level (2–5 years),Diploma in IT,Scrum Master Certification,"PyTorch, Spark","This job requires proficiency in AWS, Deep Learning, R, Docker."
AI Researcher,Marketing,This is a AI Researcher role in the Marketing industry.,"Python, Power BI, Machine Learning, SQL","Teamwork, Communication, Critical Thinking",Entry-level (0–1 years),Bachelor's degree in Computer Science,Certified Data Scientist,"TensorFlow, Tableau, PostgreSQL, MATLAB","This job requires proficiency in Python, Power BI, Machine Learning, SQL."
Software Engineer,Finance,This is a Software Engineer role in the Finance industry.,"Python, Deep Learning, Azure, AWS, SQL","Teamwork, Time Management",Entry-level (0–1 years),PhD in Artificial Intelligence,Scrum Master Certification,"AWS, Hadoop","This job requires proficiency in Python, Deep Learning, Azure, AWS, SQL."
AI Researcher,Manufacturing,This is a AI Researcher role in the Manufacturing industry.,"Java, AWS, Kubernetes, Excel","Creativity, Adaptability",Entry-level (0–1 years),PhD in Artificial Intelligence,PMP Certification,"Spark, GitHub, Tableau, JIRA","This job requires proficiency in Java, AWS, Kubernetes, Excel."
Machine Learning Engineer,Logistics,This is a Machine Learning Engineer role in the Logistics industry.,"Azure, Kubernetes, Excel, Machine Learning, Python","Communication, Teamwork, Critical Thinking",Mid-level (2–5 years),Diploma in IT,AWS Certified Solutions Architect,"AWS, Tableau, Power BI, Spark","This job requires proficiency in Azure, Kubernetes, Excel, Machine Learning, Python."
Network Engineer,Healthcare,This is a Network Engineer role in the Healthcare industry.,"AWS, Python, Java, Kubernetes, R","Critical Thinking, Problem-Solving, Time Management, Communication",Entry-level (0–1 years),Diploma in IT,Azure Fundamentals,"PyTorch, JIRA","This job requires proficiency in AWS, Python, Java, Kubernetes, R."
Full Stack Developer,Finance,This is a Full Stack Developer role in the Finance industry.,"Power BI, Azure, SQL","Critical Thinking, Problem-Solving, Time Management",Senior-level (6+ years),Master's in Data Science,Azure Fundamentals,"Spark, Hadoop","This job requires proficiency in Power BI, Azure, SQL."
Cybersecurity Analyst,Marketing,This is a Cybersecurity Analyst role in the Marketing industry.,"R, Kubernetes, Deep Learning, AWS, Excel","Communication, Leadership, Problem-Solving, Adaptability",Senior-level (6+ years),Bachelor's degree in Computer Science,Scrum Master Certification,"PyTorch, Tableau, PostgreSQL, MATLAB","This job requires proficiency in R, Kubernetes, Deep Learning, AWS, Excel."
Project Manager,Healthcare,This is a Project Manager role in the Healthcare industry.,"Power BI, R, Kubernetes, Tableau","Communication, Teamwork, Adaptability, Leadership",Senior-level (6+ years),MBA,PMP Certification,"MATLAB, PostgreSQL, Power BI, Hadoop","This job requires proficiency in Power BI, R, Kubernetes, Tableau."
Database Administrator,Healthcare,This is a Database Administrator role in the Healthcare industry.,"SQL, Machine Learning, AWS","Problem-Solving, Creativity",Entry-level (0–1 years),MBA,Scrum Master Certification,"Hadoop, PostgreSQL, AWS, JIRA","This job requires proficiency in SQL, Machine Learning, AWS."
Cybersecurity Analyst,Logistics,This is a Cybersecurity Analyst role in the Logistics industry.,"Azure, Kubernetes, Machine Learning, SQL, Tableau","Adaptability, Time Management",Mid-level (2–5 years),MBA,Certified Data Scientist,"MATLAB, Hadoop","This job requires proficiency in Azure, Kubernetes, Machine Learning, SQL, Tableau."
Machine Learning Engineer,Marketing,This is a Machine Learning Engineer role in the Marketing industry.,"SQL, Kubernetes, Java, Python, Machine Learning","Creativity, Adaptability, Problem-Solving, Leadership",Senior-level (6+ years),MBA,Scrum Master Certification,"Tableau, Power BI","This job requires proficiency in SQL, Kubernetes, Java, Python, Machine Learning."
Database Administrator,Logistics,This is a Database Administrator role in the Logistics industry.,"Kubernetes, Excel, Tableau","Critical Thinking, Teamwork",Entry-level (0–1 years),Master's in Data Science,PMP Certification,"Keras, PyTorch, MATLAB","This job requires proficiency in Kubernetes, Excel, Tableau."
Database Administrator,Healthcare,This is a Database Administrator role in the Healthcare industry.,"Power BI, Azure, SQL, Python","Problem-Solving, Communication, Time Management",Senior-level (6+ years),Diploma in IT,Certified Data Scientist,"MATLAB, Power BI, PyTorch, Spark","This job requires proficiency in Power BI, Azure, SQL, Python."
Full Stack Developer,Retail,This is a Full Stack Developer role in the Retail industry.,"Docker, Tableau, AWS, Excel","Communication, Leadership",Senior-level (6+ years),Diploma in IT,AWS Certified Solutions Architect,"PyTorch, JIRA, PostgreSQL","This job requires proficiency in Docker, Tableau, AWS, Excel."
Software Engineer,Information Technology,This is a Software Engineer role in the Information Technology industry.,"Azure, Python, Power BI","Teamwork, Leadership, Adaptability, Communication",Senior-level (6+ years),PhD in Artificial Intelligence,Certified Data Scientist,"Tableau, GitHub","This job requires proficiency in Azure, Python, Power BI."
Data Scientist,Marketing,This is a Data Scientist role in the Marketing industry.,"Python, Docker, SQL","Teamwork, Problem-Solving, Time Management, Adaptability",Entry-level (0–1 years),Bachelor's degree in Computer Science,PMP Certification,"Spark, Hadoop, Power BI, AWS","This job requires proficiency in Python, Docker, SQL."
Business Analyst,Manufacturing,This is a Business Analyst role in the Manufacturing industry.,"Machine Learning, SQL, Power BI","Teamwork, Leadership",Entry-level (0–1 years),PhD in Artificial Intelligence,Azure Fundamentals,"AWS, JIRA, PostgreSQL","This job requires proficiency in Machine Learning, SQL, Power BI."
Project Manager,Information Technology,This is a Project Manager role in the Information Technology industry.,"Machine Learning, Git, Java","Problem-Solving, Teamwork, Communication",Mid-level (2–5 years),MBA,PMP Certification,"Hadoop, AWS, Power BI, Keras","This job requires proficiency in Machine Learning, Git, Java."
Network Engineer,Manufacturing,This is a Network Engineer role in the Manufacturing industry.,"Power BI, Java, Git, Kubernetes, Tableau","Teamwork, Creativity, Communication, Problem-Solving",Mid-level (2–5 years),Bachelor's degree in Computer Science,Scrum Master Certification,"AWS, PostgreSQL, Tableau","This job requires proficiency in Power BI, Java, Git, Kubernetes, Tableau."
Data Scientist,Retail,This is a Data Scientist role in the Retail industry.,"Power BI, Python, Azure, Machine Learning, Git","Leadership, Time Management, Adaptability, Problem-Solving",Senior-level (6+ years),Diploma in IT,Scrum Master Certification,"Hadoop, JIRA","This job requires proficiency in Power BI, Python, Azure, Machine Learning, Git."
AI Researcher,Information Technology,This is a AI Researcher role in the Information Technology industry.,"Java, Python, Power BI","Adaptability, Teamwork, Time Management",Senior-level (6+ years),Diploma in IT,AWS Certified Solutions Architect,"AWS, PostgreSQL, Spark, JIRA","This job requires proficiency in Java, Python, Power BI."
Data Scientist,Logistics,This is a Data Scientist role in the Logistics industry.,"AWS, Excel, Kubernetes, Git","Creativity, Problem-Solving",Senior-level (6+ years),Master's in Data Science,Scrum Master Certification,"PyTorch, Power BI","This job requires proficiency in AWS, Excel, Kubernetes, Git."
Business Analyst,Manufacturing,This is a Business Analyst role in the Manufacturing industry.,"AWS, Python, R, Git, Excel","Time Management, Creativity, Adaptability, Critical Thinking",Senior-level (6+ years),Bachelor's degree in Computer Science,PMP Certification,"Spark, MATLAB, Power BI","This job requires proficiency in AWS, Python, R, Git, Excel."
Machine Learning Engineer,Finance,This is a Machine Learning Engineer role in the Finance industry.,"Docker, Tableau, Git, Python","Adaptability, Teamwork",Senior-level (6+ years),Diploma in IT,AWS Certified Solutions Architect,"PostgreSQL, Power BI, MATLAB","This job requires proficiency in Docker, Tableau, Git, Python."
Network Engineer,Marketing,This is a Network Engineer role in the Marketing industry.,"Docker, Tableau, Machine Learning, SQL","Communication, Problem-Solving",Entry-level (0–1 years),Bachelor's degree in Computer Science,Scrum Master Certification,"GitHub, Power BI, Keras","This job requires proficiency in Docker, Tableau, Machine Learning, SQL."
Network Engineer,Retail,This is a Network Engineer role in the Retail industry.,"R, Git, Kubernetes, Power BI","Adaptability, Time Management, Critical Thinking, Teamwork",Senior-level (6+ years),Bachelor's degree in Computer Science,Scrum Master Certification,"PyTorch, Spark, AWS","This job requires proficiency in R, Git, Kubernetes, Power BI."
Database Administrator,Healthcare,This is a Database Administrator role in the Healthcare industry.,"R, AWS, Power BI, Azure, Java","Creativity, Adaptability, Problem-Solving",Mid-level (2–5 years),PhD in Artificial Intelligence,Scrum Master Certification,"Hadoop, MATLAB","This job requires proficiency in R, AWS, Power BI, Azure, Java."
Data Scientist,Information Technology,This is a Data Scientist role in the Information Technology industry.,"SQL, Java, Deep Learning, Kubernetes, Docker","Critical Thinking, Teamwork, Creativity, Time Management",Mid-level (2–5 years),MBA,Scrum Master Certification,"AWS, TensorFlow, Keras","This job requires proficiency in SQL, Java, Deep Learning, Kubernetes, Docker."
Database Administrator,Marketing,This is a Database Administrator role in the Marketing industry.,"Java, Docker, Deep Learning, Azure, Python","Leadership, Teamwork, Problem-Solving, Time Management",Entry-level (0–1 years),Diploma in IT,Azure Fundamentals,"Power BI, Tableau","This job requires proficiency in Java, Docker, Deep Learning, Azure, Python."
Project Manager,Education,This is a Project Manager role in the Education industry.,"Kubernetes, Excel, Docker, Python, Azure","Adaptability, Leadership",Senior-level (6+ years),PhD in Artificial Intelligence,Certified Data Scientist,"Tableau, PyTorch, Spark, MATLAB","This job requires proficiency in Kubernetes, Excel, Docker, Python, Azure."
Network Engineer,Finance,This is a Network Engineer role in the Finance industry.,"AWS, Power BI, Python","Leadership, Adaptability",Entry-level (0–1 years),PhD in Artificial Intelligence,PMP Certification,"TensorFlow, Spark","This job requires proficiency in AWS, Power BI, Python."
Project Manager,Logistics,This is a Project Manager role in the Logistics industry.,"Kubernetes, AWS, Excel","Problem-Solving, Creativity",Senior-level (6+ years),Diploma in IT,PMP Certification,"Spark, Keras, GitHub, TensorFlow","This job requires proficiency in Kubernetes, AWS, Excel."
Cybersecurity Analyst,Finance,This is a Cybersecurity Analyst role in the Finance industry.,"Tableau, Java, Python, Power BI","Critical Thinking, Communication, Problem-Solving",Entry-level (0–1 years),Master's in Data Science,PMP Certification,"Hadoop, Keras, JIRA","This job requires proficiency in Tableau, Java, Python, Power BI."
Project Manager,Healthcare,This is a Project Manager role in the Healthcare industry.,"SQL, R, Excel","Leadership, Creativity, Teamwork, Communication",Entry-level (0–1 years),Bachelor's degree in Computer Science,Azure Fundamentals,"Spark, AWS, Hadoop","This job requires proficiency in SQL, R, Excel."
Data Scientist,Manufacturing,This is a Data Scientist role in the Manufacturing industry.,"R, AWS, Machine Learning, Excel, Power BI","Teamwork, Communication, Time Management, Creativity",Mid-level (2–5 years),Master's in Data Science,Azure Fundamentals,"JIRA, GitHub, Tableau","This job requires proficiency in R, AWS, Machine Learning, Excel, Power BI."
AI Researcher,Healthcare,This is a AI Researcher role in the Healthcare industry.,"Docker, Deep Learning, Tableau, Azure","Teamwork, Leadership, Communication, Critical Thinking",Mid-level (2–5 years),Master's in Data Science,AWS Certified Solutions Architect,"JIRA, Power BI","This job requires proficiency in Docker, Deep Learning, Tableau, Azure."
AI Researcher,Finance,This is a AI Researcher role in the Finance industry.,"Azure, R, Java","Problem-Solving, Critical Thinking, Leadership, Communication",Entry-level (0–1 years),MBA,Scrum Master Certification,"PyTorch, Tableau","This job requires proficiency in Azure, R, Java."
Business Analyst,Manufacturing,This is a Business Analyst role in the Manufacturing industry.,"Azure, R, Git, SQL","Creativity, Communication, Teamwork, Critical Thinking",Senior-level (6+ years),Master's in Data Science,Azure Fundamentals,"MATLAB, Keras","This job requires proficiency in Azure, R, Git, SQL."
Software Engineer,Finance,This is a Software Engineer role in the Finance industry.,"Tableau, Azure, Java","Adaptability, Time Management, Communication, Critical Thinking",Mid-level (2–5 years),Bachelor's degree in Computer Science,Certified Data Scientist,"Tableau, PostgreSQL","This job requires proficiency in Tableau, Azure, Java."
Full Stack Developer,Logistics,This is a Full Stack Developer role in the Logistics industry.,"Machine Learning, AWS, Excel, SQL, Java","Time Management, Leadership, Creativity, Problem-Solving",Mid-level (2–5 years),Bachelor's degree in Computer Science,PMP Certification,"PyTorch, JIRA, TensorFlow","This job requires proficiency in Machine Learning, AWS, Excel, SQL, Java."
Network Engineer,Healthcare,This is a Network Engineer role in the Healthcare industry.,"Power BI, Tableau, Java, AWS","Communication, Creativity, Problem-Solving, Teamwork",Entry-level (0–1 years),Bachelor's degree in Computer Science,Scrum Master Certification,"Spark, MATLAB, GitHub","This job requires proficiency in Power BI, Tableau, Java, AWS."
Cybersecurity Analyst,Healthcare,This is a Cybersecurity Analyst role in the Healthcare industry.,"Machine Learning, AWS, Excel, Java","Creativity, Leadership",Mid-level (2–5 years),Diploma in IT,Azure Fundamentals,"JIRA, Hadoop","This job requires proficiency in Machine Learning, AWS, Excel, Java."
Database Administrator,Information Technology,This is a Database Administrator role in the Information Technology industry.,"Azure, Java, Docker","Communication, Leadership, Problem-Solving, Time Management",Mid-level (2–5 years),Diploma in IT,PMP Certification,"PostgreSQL, Power BI, GitHub","This job requires proficiency in Azure, Java, Docker."
Machine Learning Engineer,Education,This is a Machine Learning Engineer role in the Education industry.,"Java, Deep Learning, R, Python, Machine Learning","Communication, Teamwork, Adaptability, Problem-Solving",Senior-level (6+ years),Master's in Data Science,Azure Fundamentals,"Power BI, Keras, AWS","This job requires proficiency in Java, Deep Learning, R, Python, Machine Learning."
AI Researcher,Logistics,This is a AI Researcher role in the Logistics industry.,"SQL, Java, Deep Learning, Git, AWS","Creativity, Critical Thinking",Senior-level (6+ years),Diploma in IT,Scrum Master Certification,"Power BI, JIRA, Keras, Hadoop","This job requires proficiency in SQL, Java, Deep Learning, Git, AWS."
Business Analyst,Healthcare,This is a Business Analyst role in the Healthcare industry.,"AWS, Machine Learning, Excel, Tableau","Teamwork, Leadership, Time Management, Creativity",Entry-level (0–1 years),Diploma in IT,Certified Data Scientist,"PostgreSQL, Tableau, PyTorch","This job requires proficiency in AWS, Machine Learning, Excel, Tableau."
Software Engineer,Logistics,This is a Software Engineer role in the Logistics industry.,"SQL, Deep Learning, Kubernetes, Git, Tableau","Leadership, Adaptability, Problem-Solving",Mid-level (2–5 years),MBA,Azure Fundamentals,"Power BI, Hadoop, TensorFlow","This job requires proficiency in SQL, Deep Learning, Kubernetes, Git, Tableau."
Data Scientist,Healthcare,This is a Data Scientist role in the Healthcare industry.,"Docker, R, Excel","Leadership, Adaptability, Creativity",Entry-level (0–1 years),MBA,AWS Certified Solutions Architect,"MATLAB, AWS, PyTorch","This job requires proficiency in Docker, R, Excel."
Full Stack Developer,Marketing,This is a Full Stack Developer role in the Marketing industry.,"Java, Docker, SQL","Problem-Solving, Communication, Creativity, Teamwork",Entry-level (0–1 years),Diploma in IT,Scrum Master Certification,"Power BI, TensorFlow, Tableau, PyTorch","This job requires proficiency in Java, Docker, SQL."
Project Manager,Education,This is a Project Manager role in the Education industry.,"Machine Learning, Python, Tableau","Adaptability, Leadership",Mid-level (2–5 years),MBA,AWS Certified Solutions Architect,"Tableau, TensorFlow","This job requires proficiency in Machine Learning, Python, Tableau."
Network Engineer,Education,This is a Network Engineer role in the Education industry.,"Git, Machine Learning, Deep Learning, SQL, Kubernetes","Creativity, Adaptability, Communication, Critical Thinking",Senior-level (6+ years),Diploma in IT,AWS Certified Solutions Architect,"Tableau, MATLAB, GitHub, AWS","This job requires proficiency in Git, Machine Learning, Deep Learning, SQL, Kubernetes."
Software Engineer,Marketing,This is a Software Engineer role in the Marketing industry.,"R, Power BI, Git, SQL, Python","Teamwork, Critical Thinking, Leadership",Mid-level (2–5 years),Diploma in IT,Azure Fundamentals,"TensorFlow, Power BI","This job requires proficiency in R, Power BI, Git, SQL, Python."
Database Administrator,Manufacturing,This is a Database Administrator role in the Manufacturing industry.,"Python, Machine Learning, SQL, Java","Critical Thinking, Communication, Teamwork, Time Management",Senior-level (6+ years),Diploma in IT,Scrum Master Certification,"GitHub, Power BI","This job requires proficiency in Python, Machine Learning, SQL, Java."
Database Administrator,Marketing,This is a Database Administrator role in the Marketing industry.,"Kubernetes, Python, Docker, Tableau, Git","Time Management, Critical Thinking, Communication, Leadership",Entry-level (0–1 years),Diploma in IT,AWS Certified Solutions Architect,"Hadoop, TensorFlow, PostgreSQL, Tableau","This job requires proficiency in Kubernetes, Python, Docker, Tableau, Git."
Machine Learning Engineer,Marketing,This is a Machine Learning Engineer role in the Marketing industry.,"AWS, Machine Learning, SQL","Teamwork, Communication, Leadership",Senior-level (6+ years),Bachelor's degree in Computer Science,Azure Fundamentals,"Power BI, Tableau, TensorFlow","This job requires proficiency in AWS, Machine Learning, SQL."
Data Scientist,Information Technology,This is a Data Scientist role in the Information Technology industry.,"Azure, Machine Learning, Excel, Git","Creativity, Adaptability, Leadership",Senior-level (6+ years),PhD in Artificial Intelligence,AWS Certified Solutions Architect,"Power BI, AWS, PostgreSQL, Tableau","This job requires proficiency in Azure, Machine Learning, Excel, Git."
Cybersecurity Analyst,Education,This is a Cybersecurity Analyst role in the Education industry.,"Python, Machine Learning, Tableau, Git, R","Adaptability, Time Management",Senior-level (6+ years),Master's in Data Science,PMP Certification,"Spark, Hadoop","This job requires proficiency in Python, Machine Learning, Tableau, Git, R."
Project Manager,Marketing,This is a Project Manager role in the Marketing industry.,"Git, Tableau, Kubernetes, SQL","Critical Thinking, Teamwork, Adaptability",Senior-level (6+ years),Diploma in IT,Certified Data Scientist,"GitHub, Hadoop","This job requires proficiency in Git, Tableau, Kubernetes, SQL."
AI Researcher,Education,This is a AI Researcher role in the Education industry.,"SQL, Kubernetes, Deep Learning, Python","Teamwork, Time Management, Adaptability, Leadership",Entry-level (0–1 years),Diploma in IT,Scrum Master Certification,"GitHub, AWS, Tableau","This job requires proficiency in SQL, Kubernetes, Deep Learning, Python."
Software Engineer,Finance,This is a Software Engineer role in the Finance industry.,"AWS, Deep Learning, Java","Leadership, Problem-Solving, Teamwork",Entry-level (0–1 years),Bachelor's degree in Computer Science,PMP Certification,"JIRA, Tableau, Spark","This job requires proficiency in AWS, Deep Learning, Java."
Full Stack Developer,Retail,This is a Full Stack Developer role in the Retail industry.,"Excel, Java, Git, Tableau, Power BI","Teamwork, Problem-Solving",Entry-level (0–1 years),PhD in Artificial Intelligence,AWS Certified Solutions Architect,"Tableau, Power BI, Keras","This job requires proficiency in Excel, Java, Git, Tableau, Power BI."
Cybersecurity Analyst,Healthcare,This is a Cybersecurity Analyst role in the Healthcare industry.,"Deep Learning, R, Java, Kubernetes","Problem-Solving, Communication, Leadership, Critical Thinking",Mid-level (2–5 years),MBA,Certified Data Scientist,"TensorFlow, MATLAB, Spark, PyTorch","This job requires proficiency in Deep Learning, R, Java, Kubernetes."
Machine Learning Engineer,Marketing,This is a Machine Learning Engineer role in the Marketing industry.,"Excel, Tableau, Machine Learning","Creativity, Critical Thinking",Mid-level (2–5 years),Bachelor's degree in Computer Science,Certified Data Scientist,"PostgreSQL, TensorFlow, PyTorch, Hadoop","This job requires proficiency in Excel, Tableau, Machine Learning."
Database Administrator,Logistics,This is a Database Administrator role in the Logistics industry.,"Deep Learning, Kubernetes, Tableau, Git","Leadership, Creativity, Communication",Entry-level (0–1 years),Bachelor's degree in Computer Science,AWS Certified Solutions Architect,"PostgreSQL, Hadoop","This job requires proficiency in Deep Learning, Kubernetes, Tableau, Git."
Network Engineer,Information Technology,This is a Network Engineer role in the Information Technology industry.,"Python, Java, Deep Learning","Teamwork, Adaptability, Problem-Solving",Senior-level (6+ years),PhD in Artificial Intelligence,Scrum Master Certification,"Power BI, GitHub, AWS, TensorFlow","This job requires proficiency in Python, Java, Deep Learning."
Software Engineer,Manufacturing,This is a Software Engineer role in the Manufacturing industry.,"Kubernetes, Excel, Power BI","Adaptability, Time Management, Communication, Problem-Solving",Senior-level (6+ years),MBA,Azure Fundamentals,"PyTorch, MATLAB","This job requires proficiency in Kubernetes, Excel, Power BI."
Cybersecurity Analyst,Logistics,This is a Cybersecurity Analyst role in the Logistics industry.,"Git, Tableau, AWS, Docker, Deep Learning","Teamwork, Communication, Problem-Solving",Entry-level (0–1 years),Bachelor's degree in Computer Science,Scrum Master Certification,"Power BI, Spark, PostgreSQL","This job requires proficiency in Git, Tableau, AWS, Docker, Deep Learning."
Data Scientist,Manufacturing,This is a Data Scientist role in the Manufacturing industry.,"Excel, Azure, Power BI, Tableau, Kubernetes","Communication, Creativity",Entry-level (0–1 years),Diploma in IT,PMP Certification,"JIRA, Power BI, Hadoop, PostgreSQL","This job requires proficiency in Excel, Azure, Power BI, Tableau, Kubernetes."
Network Engineer,Marketing,This is a Network Engineer role in the Marketing industry.,"AWS, R, SQL","Time Management, Adaptability, Critical Thinking",Senior-level (6+ years),Diploma in IT,Azure Fundamentals,"PostgreSQL, Power BI, Spark, JIRA","This job requires proficiency in AWS, R, SQL."
Network Engineer,Retail,This is a Network Engineer role in the Retail industry.,"SQL, Docker, Python","Creativity, Time Management, Teamwork, Adaptability",Entry-level (0–1 years),Diploma in IT,PMP Certification,"MATLAB, Power BI","This job requires proficiency in SQL, Docker, Python."
Network Engineer,Healthcare,This is a Network Engineer role in the Healthcare industry.,"Excel, Python, Kubernetes, Git","Teamwork, Communication",Mid-level (2–5 years),Diploma in IT,AWS Certified Solutions Architect,"Power BI, AWS","This job requires proficiency in Excel, Python, Kubernetes, Git."
Software Engineer,Retail,This is a Software Engineer role in the Retail industry.,"Git, SQL, Excel","Communication, Problem-Solving, Teamwork, Time Management",Senior-level (6+ years),PhD in Artificial Intelligence,Azure Fundamentals,"PostgreSQL, Spark, Tableau, PyTorch","This job requires proficiency in Git, SQL, Excel."
Database Administrator,Healthcare,This is a Database Administrator role in the Healthcare industry.,"Tableau, Excel, Machine Learning, Docker, SQL","Problem-Solving, Time Management, Adaptability, Teamwork",Entry-level (0–1 years),PhD in Artificial Intelligence,Certified Data Scientist,"Power BI, TensorFlow","This job requires proficiency in Tableau, Excel, Machine Learning, Docker, SQL."
Network Engineer,Marketing,This is a Network Engineer role in the Marketing industry.,"SQL, Git, Kubernetes, R","Leadership, Communication, Time Management",Mid-level (2–5 years),PhD in Artificial Intelligence,Scrum Master Certification,"Hadoop, AWS, GitHub","This job requires proficiency in SQL, Git, Kubernetes, R."
Software Engineer,Logistics,This is a Software Engineer role in the Logistics industry.,"Git, Kubernetes, Power BI","Problem-Solving, Teamwork, Time Management",Mid-level (2–5 years),MBA,Azure Fundamentals,"Keras, JIRA, PyTorch, MATLAB","This job requires proficiency in Git, Kubernetes, Power BI."
Full Stack Developer,Healthcare,This is a Full Stack Developer role in the Healthcare industry.,"Kubernetes, R, Power BI, SQL, AWS","Communication, Critical Thinking, Teamwork, Time Management",Entry-level (0–1 years),Master's in Data Science,PMP Certification,"PyTorch, JIRA, PostgreSQL, TensorFlow","This job requires proficiency in Kubernetes, R, Power BI, SQL, AWS."
Data Scientist,Retail,This is a Data Scientist role in the Retail industry.,"Kubernetes, Machine Learning, Power BI","Time Management, Leadership, Adaptability",Senior-level (6+ years),PhD in Artificial Intelligence,PMP Certification,"GitHub, Spark, MATLAB, Keras","This job requires proficiency in Kubernetes, Machine Learning, Power BI."
Project Manager,Information Technology,This is a Project Manager role in the Information Technology industry.,"AWS, Git, Kubernetes, Machine Learning, Azure","Creativity, Critical Thinking, Time Management, Communication",Mid-level (2–5 years),Master's in Data Science,Azure Fundamentals,"PyTorch, Keras, AWS, GitHub","This job requires proficiency in AWS, Git, Kubernetes, Machine Learning, Azure."
Project Manager,Retail,This is a Project Manager role in the Retail industry.,"Kubernetes, SQL, Deep Learning","Time Management, Creativity, Teamwork, Leadership",Mid-level (2–5 years),Bachelor's degree in Computer Science,Certified Data Scientist,"Hadoop, PostgreSQL, PyTorch","This job requires proficiency in Kubernetes, SQL, Deep Learning."
Software Engineer,Logistics,This is a Software Engineer role in the Logistics industry.,"Kubernetes, Git, Java","Critical Thinking, Teamwork, Problem-Solving, Communication",Mid-level (2–5 years),Bachelor's degree in Computer Science,PMP Certification,"Spark, PyTorch, Power BI, JIRA","This job requires proficiency in Kubernetes, Git, Java."
Software Engineer,Manufacturing,This is a Software Engineer role in the Manufacturing industry.,"Kubernetes, Python, Deep Learning, Excel, Tableau","Leadership, Problem-Solving, Critical Thinking, Communication",Mid-level (2–5 years),Master's in Data Science,AWS Certified Solutions Architect,"Tableau, JIRA","This job requires proficiency in Kubernetes, Python, Deep Learning, Excel, Tableau."
Business Analyst,Information Technology,This is a Business Analyst role in the Information Technology industry.,"Excel, Docker, Power BI, Deep Learning","Creativity, Time Management, Leadership, Teamwork",Senior-level (6+ years),MBA,Scrum Master Certification,"Hadoop, AWS, JIRA, TensorFlow","This job requires proficiency in Excel, Docker, Power BI, Deep Learning."
Cybersecurity Analyst,Education,This is a Cybersecurity Analyst role in the Education industry.,"AWS, Excel, Power BI","Communication, Critical Thinking, Problem-Solving",Entry-level (0–1 years),MBA,Scrum Master Certification,"Keras, Hadoop","This job requires proficiency in AWS, Excel, Power BI."
Project Manager,Retail,This is a Project Manager role in the Retail industry.,"Python, Java, Excel","Leadership, Creativity, Teamwork",Entry-level (0–1 years),MBA,AWS Certified Solutions Architect,"PyTorch, PostgreSQL, Tableau, Power BI","This job requires proficiency in Python, Java, Excel."
Software Engineer,Marketing,This is a Software Engineer role in the Marketing industry.,"AWS, Python, Java, Power BI","Leadership, Problem-Solving, Teamwork",Mid-level (2–5 years),Master's in Data Science,Certified Data Scientist,"MATLAB, PostgreSQL, PyTorch, JIRA","This job requires proficiency in AWS, Python, Java, Power BI."
Software Engineer,Education,This is a Software Engineer role in the Education industry.,"Kubernetes, Excel, Git, Azure","Leadership, Problem-Solving",Senior-level (6+ years),Master's in Data Science,AWS Certified Solutions Architect,"Keras, GitHub, PostgreSQL, MATLAB","This job requires proficiency in Kubernetes, Excel, Git, Azure."
Data Scientist,Information Technology,This is a Data Scientist role in the Information Technology industry.,"Machine Learning, AWS, Excel, Kubernetes","Problem-Solving, Creativity, Leadership",Senior-level (6+ years),Bachelor's degree in Computer Science,Certified Data Scientist,"PyTorch, Power BI","This job requires proficiency in Machine Learning, AWS, Excel, Kubernetes."
Database Administrator,Logistics,This is a Database Administrator role in the Logistics industry.,"SQL, Excel, Git, Power BI, Tableau","Critical Thinking, Problem-Solving, Communication",Entry-level (0–1 years),MBA,PMP Certification,"Hadoop, Tableau, Spark","This job requires proficiency in SQL, Excel, Git, Power BI, Tableau."
Database Administrator,Logistics,This is a Database Administrator role in the Logistics industry.,"Tableau, Deep Learning, Docker","Communication, Leadership, Adaptability",Entry-level (0–1 years),Master's in Data Science,PMP Certification,"Tableau, Power BI, PyTorch, Hadoop","This job requires proficiency in Tableau, Deep Learning, Docker."
Software Engineer,Marketing,This is a Software Engineer role in the Marketing industry.,"R, Machine Learning, AWS, Docker","Problem-Solving, Creativity, Adaptability, Critical Thinking",Mid-level (2–5 years),Bachelor's degree in Computer Science,Azure Fundamentals,"AWS, GitHub, Power BI","This job requires proficiency in R, Machine Learning, AWS, Docker."
Network Engineer,Logistics,This is a Network Engineer role in the Logistics industry.,"AWS, R, Power BI","Communication, Creativity, Adaptability, Leadership",Mid-level (2–5 years),MBA,Certified Data Scientist,"Keras, JIRA, Spark","This job requires proficiency in AWS, R, Power BI."
Full Stack Developer,Information Technology,This is a Full Stack Developer role in the Information Technology industry.,"Tableau, Docker, R, AWS","Adaptability, Problem-Solving",Senior-level (6+ years),MBA,Certified Data Scientist,"AWS, MATLAB","This job requires proficiency in Tableau, Docker, R, AWS."
Software Engineer,Finance,This is a Software Engineer role in the Finance industry.,"Tableau, Java, Azure","Communication, Teamwork",Senior-level (6+ years),PhD in Artificial Intelligence,Certified Data Scientist,"PostgreSQL, PyTorch, TensorFlow","This job requires proficiency in Tableau, Java, Azure."
Full Stack Developer,Healthcare,This is a Full Stack Developer role in the Healthcare industry.,"Java, Docker, Deep Learning","Teamwork, Problem-Solving, Communication, Critical Thinking",Mid-level (2–5 years),Bachelor's degree in Computer Science,PMP Certification,"Spark, MATLAB","This job requires proficiency in Java, Docker, Deep Learning."
Database Administrator,Education,This is a Database Administrator role in the Education industry.,"Python, Azure, AWS","Problem-Solving, Leadership",Senior-level (6+ years),Bachelor's degree in Computer Science,Certified Data Scientist,"GitHub, TensorFlow, Hadoop, Keras","This job requires proficiency in Python, Azure, AWS."
Machine Learning Engineer,Finance,This is a Machine Learning Engineer role in the Finance industry.,"Machine Learning, AWS, SQL, Kubernetes","Time Management, Communication",Senior-level (6+ years),Bachelor's degree in Computer Science,Scrum Master Certification,"Hadoop, AWS","This job requires proficiency in Machine Learning, AWS, SQL, Kubernetes."
Business Analyst,Education,This is a Business Analyst role in the Education industry.,"Power BI, Machine Learning, Git","Critical Thinking, Communication",Entry-level (0–1 years),Diploma in IT,PMP Certification,"PyTorch, Power BI, Spark","This job requires proficiency in Power BI, Machine Learning, Git."
AI Researcher,Retail,This is a AI Researcher role in the Retail industry.,"Machine Learning, Python, Tableau","Communication, Leadership, Problem-Solving, Teamwork",Entry-level (0–1 years),Diploma in IT,Azure Fundamentals,"Keras, Tableau, GitHub","This job requires proficiency in Machine Learning, Python, Tableau."
Business Analyst,Education,This is a Business Analyst role in the Education industry.,"Excel, SQL, Kubernetes","Adaptability, Teamwork",Senior-level (6+ years),Diploma in IT,Azure Fundamentals,"GitHub, JIRA, PyTorch, Tableau","This job requires proficiency in Excel, SQL, Kubernetes."
Data Scientist,Finance,This is a Data Scientist role in the Finance industry.,"Tableau, Azure, Power BI, Excel","Communication, Problem-Solving, Adaptability, Leadership",Mid-level (2–5 years),Bachelor's degree in Computer Science,Azure Fundamentals,"AWS, JIRA, Tableau","This job requires proficiency in Tableau, Azure, Power BI, Excel."
Data Scientist,Information Technology,This is a Data Scientist role in the Information Technology industry.,"Git, Power BI, Python","Critical Thinking, Teamwork, Adaptability",Entry-level (0–1 years),Master's in Data Science,Certified Data Scientist,"MATLAB, AWS","This job requires proficiency in Git, Power BI, Python."
Cybersecurity Analyst,Education,This is a Cybersecurity Analyst role in the Education industry.,"Docker, SQL, Kubernetes, Java","Critical Thinking, Leadership, Creativity",Senior-level (6+ years),Bachelor's degree in Computer Science,AWS Certified Solutions Architect,"PyTorch, Tableau, PostgreSQL, MATLAB","This job requires proficiency in Docker, SQL, Kubernetes, Java."
Database Administrator,Healthcare,This is a Database Administrator role in the Healthcare industry.,"Excel, AWS, Tableau, SQL","Creativity, Teamwork, Critical Thinking",Entry-level (0–1 years),PhD in Artificial Intelligence,Azure Fundamentals,"AWS, Hadoop, PyTorch","This job requires proficiency in Excel, AWS, Tableau, SQL."
Business Analyst,Retail,This is a Business Analyst role in the Retail industry.,"Tableau, SQL, Deep Learning, Python, R","Creativity, Leadership, Time Management, Teamwork",Mid-level (2–5 years),PhD in Artificial Intelligence,Scrum Master Certification,"Power BI, PyTorch, Keras, MATLAB","This job requires proficiency in Tableau, SQL, Deep Learning, Python, R."
Database Administrator,Finance,This is a Database Administrator role in the Finance industry.,"Java, Docker, Kubernetes, Excel","Problem-Solving, Time Management, Creativity",Entry-level (0–1 years),Bachelor's degree in Computer Science,PMP Certification,"Hadoop, JIRA","This job requires proficiency in Java, Docker, Kubernetes, Excel."
Full Stack Developer,Finance,This is a Full Stack Developer role in the Finance industry.,"Docker, Kubernetes, Azure, Git","Communication, Adaptability",Senior-level (6+ years),Bachelor's degree in Computer Science,PMP Certification,"MATLAB, TensorFlow","This job requires proficiency in Docker, Kubernetes, Azure, Git."
Database Administrator,Logistics,This is a Database Administrator role in the Logistics industry.,"Machine Learning, Python, Tableau","Adaptability, Teamwork, Communication, Time Management",Mid-level (2–5 years),Master's in Data Science,Certified Data Scientist,"Power BI, Spark, MATLAB, Hadoop","This job requires proficiency in Machine Learning, Python, Tableau."
Business Analyst,Healthcare,This is a Business Analyst role in the Healthcare industry.,"Azure, Deep Learning, Python, Excel, Git","Communication, Critical Thinking, Time Management, Problem-Solving",Entry-level (0–1 years),Master's in Data Science,Azure Fundamentals,"MATLAB, AWS, Power BI, GitHub","This job requires proficiency in Azure, Deep Learning, Python, Excel, Git."
AI Researcher,Marketing,This is a AI Researcher role in the Marketing industry.,"Machine Learning, Power BI, Tableau","Creativity, Teamwork, Adaptability",Entry-level (0–1 years),Bachelor's degree in Computer Science,PMP Certification,"Power BI, MATLAB, Keras","This job requires proficiency in Machine Learning, Power BI, Tableau."
Full Stack Developer,Marketing,This is a Full Stack Developer role in the Marketing industry.,"R, Python, Tableau","Critical Thinking, Creativity",Entry-level (0–1 years),Master's in Data Science,AWS Certified Solutions Architect,"GitHub, Hadoop, JIRA, AWS","This job requires proficiency in R, Python, Tableau."
Cybersecurity Analyst,Logistics,This is a Cybersecurity Analyst role in the Logistics industry.,"Machine Learning, Excel, Docker, Git","Leadership, Problem-Solving, Time Management, Communication",Mid-level (2–5 years),PhD in Artificial Intelligence,Certified Data Scientist,"PyTorch, GitHub, Power BI, PostgreSQL","This job requires proficiency in Machine Learning, Excel, Docker, Git."
Project Manager,Retail,This is a Project Manager role in the Retail industry.,"Tableau, Machine Learning, Java","Time Management, Leadership",Entry-level (0–1 years),MBA,Scrum Master Certification,"PyTorch, Spark, GitHub, Tableau","This job requires proficiency in Tableau, Machine Learning, Java."
Business Analyst,Information Technology,This is a Business Analyst role in the Information Technology industry.,"Excel, AWS, Machine Learning, Java","Leadership, Critical Thinking, Communication",Senior-level (6+ years),MBA,Azure Fundamentals,"JIRA, Spark, Power BI","This job requires proficiency in Excel, AWS, Machine Learning, Java."
Database Administrator,Manufacturing,This is a Database Administrator role in the Manufacturing industry.,"Python, AWS, Tableau","Teamwork, Creativity, Communication, Time Management",Entry-level (0–1 years),Diploma in IT,Scrum Master Certification,"GitHub, Power BI, JIRA","This job requires proficiency in Python, AWS, Tableau."
Business Analyst,Logistics,This is a Business Analyst role in the Logistics industry.,"Python, Power BI, Machine Learning, AWS","Time Management, Leadership",Mid-level (2–5 years),Master's in Data Science,Certified Data Scientist,"MATLAB, Spark, GitHub, Tableau","This job requires proficiency in Python, Power BI, Machine Learning, AWS."
Software Engineer,Finance,This is a Software Engineer role in the Finance industry.,"Machine Learning, Tableau, AWS, Azure, Python","Leadership, Problem-Solving",Mid-level (2–5 years),PhD in Artificial Intelligence,Scrum Master Certification,"TensorFlow, Keras, PostgreSQL, Hadoop","This job requires proficiency in Machine Learning, Tableau, AWS, Azure, Python."
Network Engineer,Retail,This is a Network Engineer role in the Retail industry.,"Java, Machine Learning, Python, R, SQL","Critical Thinking, Time Management, Leadership",Entry-level (0–1 years),PhD in Artificial Intelligence,PMP Certification,"Hadoop, PyTorch","This job requires proficiency in Java, Machine Learning, Python, R, SQL."
Data Scientist,Finance,This is a Data Scientist role in the Finance industry.,"Kubernetes, Deep Learning, Excel, Tableau","Leadership, Problem-Solving, Time Management, Creativity",Entry-level (0–1 years),Diploma in IT,Azure Fundamentals,"Hadoop, Keras, PostgreSQL, PyTorch","This job requires proficiency in Kubernetes, Deep Learning, Excel, Tableau."
Machine Learning Engineer,Manufacturing,This is a Machine Learning Engineer role in the Manufacturing industry.,"Tableau, Kubernetes, Python, Power BI","Problem-Solving, Communication",Senior-level (6+ years),Bachelor's degree in Computer Science,PMP Certification,"GitHub, PostgreSQL, PyTorch","This job requires proficiency in Tableau, Kubernetes, Python, Power BI."
Software Engineer,Finance,This is a Software Engineer role in the Finance industry.,"Java, Azure, Power BI, Kubernetes, Docker","Problem-Solving, Adaptability, Leadership, Teamwork",Entry-level (0–1 years),Bachelor's degree in Computer Science,Scrum Master Certification,"JIRA, MATLAB","This job requires proficiency in Java, Azure, Power BI, Kubernetes, Docker."
Data Scientist,Retail,This is a Data Scientist role in the Retail industry.,"Python, Git, Azure, Excel, R","Creativity, Communication",Senior-level (6+ years),Diploma in IT,PMP Certification,"GitHub, PyTorch","This job requires proficiency in Python, Git, Azure, Excel, R."
Full Stack Developer,Finance,This is a Full Stack Developer role in the Finance industry.,"Java, AWS, Azure, Power BI, Kubernetes","Communication, Creativity, Critical Thinking, Teamwork",Senior-level (6+ years),MBA,Certified Data Scientist,"Hadoop, MATLAB","This job requires proficiency in Java, AWS, Azure, Power BI, Kubernetes."
AI Researcher,Finance,This is a AI Researcher role in the Finance industry.,"Deep Learning, SQL, Power BI, Docker, AWS","Adaptability, Creativity, Problem-Solving, Leadership",Mid-level (2–5 years),Bachelor's degree in Computer Science,PMP Certification,"TensorFlow, MATLAB, AWS","This job requires proficiency in Deep Learning, SQL, Power BI, Docker, AWS."
Software Engineer,Manufacturing,This is a Software Engineer role in the Manufacturing industry.,"Machine Learning, Java, AWS, Excel","Leadership, Teamwork",Mid-level (2–5 years),PhD in Artificial Intelligence,Azure Fundamentals,"Hadoop, Spark, PostgreSQL","This job requires proficiency in Machine Learning, Java, AWS, Excel."
Full Stack Developer,Education,This is a Full Stack Developer role in the Education industry.,"Python, Kubernetes, Azure, Deep Learning","Teamwork, Time Management, Problem-Solving",Mid-level (2–5 years),Bachelor's degree in Computer Science,PMP Certification,"Spark, Power BI, Keras","This job requires proficiency in Python, Kubernetes, Azure, Deep Learning."
Project Manager,Retail,This is a Project Manager role in the Retail industry.,"Kubernetes, Excel, Java, Tableau, Git","Problem-Solving, Teamwork, Leadership",Senior-level (6+ years),Diploma in IT,Certified Data Scientist,"AWS, Power BI, MATLAB, GitHub","This job requires proficiency in Kubernetes, Excel, Java, Tableau, Git."
Project Manager,Information Technology,This is a Project Manager role in the Information Technology industry.,"Power BI, Machine Learning, Tableau, R, Git","Leadership, Problem-Solving",Entry-level (0–1 years),Bachelor's degree in Computer Science,AWS Certified Solutions Architect,"GitHub, PyTorch","This job requires proficiency in Power BI, Machine Learning, Tableau, R, Git."
Full Stack Developer,Manufacturing,This is a Full Stack Developer role in the Manufacturing industry.,"Kubernetes, Python, Azure","Communication, Time Management, Critical Thinking, Problem-Solving",Senior-level (6+ years),Master's in Data Science,AWS Certified Solutions Architect,"MATLAB, Spark","This job requires proficiency in Kubernetes, Python, Azure."
AI Researcher,Education,This is a AI Researcher role in the Education industry.,"Git, Power BI, Azure","Teamwork, Leadership, Time Management",Senior-level (6+ years),Diploma in IT,Azure Fundamentals,"PyTorch, MATLAB, Tableau","This job requires proficiency in Git, Power BI, Azure."
Machine Learning Engineer,Retail,This is a Machine Learning Engineer role in the Retail industry.,"AWS, Python, Git, Kubernetes, R","Communication, Leadership",Senior-level (6+ years),Diploma in IT,Certified Data Scientist,"MATLAB, GitHub, Power BI","This job requires proficiency in AWS, Python, Git, Kubernetes, R."
Project Manager,Healthcare,This is a Project Manager role in the Healthcare industry.,"SQL, Deep Learning, Power BI, R","Leadership, Teamwork, Communication, Time Management",Mid-level (2–5 years),PhD in Artificial Intelligence,Azure Fundamentals,"AWS, PyTorch, Hadoop","This job requires proficiency in SQL, Deep Learning, Power BI, R."
